"default-src","Default source (default-src)"
"child-src","Child source (child-src)"
"connect-src","Connect source (connect-src)"
"font-src","Font source (font-src)"
"frame-src","Frame source (frame-src)"
"img-src","Image source (img-src)"
"manifest-src","Manifest source (manifest-src)"
"media-src","Media source (media-src)"
"object-src","Object source (object-src)"
"script-src","Script source (script-src)"
"style-src","Style source (style-src)"
"base-uri","Base URI (base-uri)"
"form-action","Form action (form-action)"
"frame-ancestors","Frame ancestors (frame-ancestors)"
"Content Security Policy","Content Security Policy"
"Violation Reports","Violation Reports"
"General","General"
"Enable whitelist","Enable whitelist"
"Collect violation reports","Collect violation reports"
"Enforce the policy in the admin","Enforce the policy in the admin"
"Enforce the policy on the storefront","Enforce the policy on the storefront"
"Allow the hosts of every store view","Allow the hosts of every store view"
"Split large policy headers","Split large policy headers"
"Header size limit (bytes)","Header size limit (bytes)"
"Optimize policy headers","Optimize policy headers"
"Remove hosts covered by a wildcard","Remove hosts covered by a wildcard"
"Remove https:// from hosts on secure pages","Remove https:// from hosts on secure pages"
"Remove redundant directives","Remove redundant directives"
"Replace subdomains of trusted domains with a wildcard","Replace subdomains of trusted domains with a wildcard"
"Trusted domains","Trusted domains"
"Subdomains needed for a wildcard","Subdomains needed for a wildcard"
"Debug log","Debug log"
"Violation Report Limits","Violation Report Limits"
"Violations per client per minute","Violations per client per minute"
"Largest report (bytes)","Largest report (bytes)"
"Violation Report Cleanup","Violation Report Cleanup"
"Clean up automatically","Clean up automatically"
"Cleanup mode","Cleanup mode"
"Threshold","Threshold"
"Import Whitelist","Import Whitelist"
"Cancel","Cancel"
"Import","Import"
"File to Import","File to Import"
"CSV or XML, at most %1 MB.","CSV or XML, at most %1 MB."
"Field","Field"
"Values","Values"
"Name of the entry","Name of the entry"
"Host or scheme source, or the base64 digest of a hash","Host or scheme source, or the base64 digest of a hash"
"sha256, sha384 or sha512 for hashes; empty for hosts","sha256, sha384 or sha512 for hashes; empty for hosts"
"Store ids separated by commas; 0 or empty for every store","Store ids separated by commas; 0 or empty for every store"
"all, frontend or adminhtml; empty for all","all, frontend or adminhtml; empty for all"
"1 enabled, 0 disabled; empty for enabled","1 enabled, 0 disabled; empty for enabled"
"A row with the same policy, value and area as an existing entry updates that entry and adds its stores.","A row with the same policy, value and area as an existing entry updates that entry and adds its stores."
"Whitelist","Whitelist"
"Violation Report","Violation Report"
"Configuration","Configuration"
"Content Security Policy: Reports","Content Security Policy: Reports"
"Content Security Policy: Report Details","Content Security Policy: Report Details"
"Content Security Policy: Violation Report","Content Security Policy: Violation Report"
"Content Security Policy: Edit Whitelist","Content Security Policy: Edit Whitelist"
"Content Security Policy: Whitelist","Content Security Policy: Whitelist"
"Content Security Policy: New Whitelist","Content Security Policy: New Whitelist"
"Content Security Policy: Configuration","Content Security Policy: Configuration"
"General Information","General Information"
"Back","Back"
"Blocked Uri","Blocked Uri"
"Disposition","Disposition"
"Document Uri","Document Uri"
"Effective Directive","Effective Directive"
"Original Policy","Original Policy"
"Referrer","Referrer"
"Script Sample","Script Sample"
"Status Code","Status Code"
"Violated Directive","Violated Directive"
"Created At","Created At"
"Updated At","Updated At"
"Count","Count"
"Delete","Delete"
"Delete items","Delete items"
"Are you sure you want to delete the selected reports?","Are you sure you want to delete the selected reports?"
"Convert","Convert"
"Convert items","Convert items"
"Convert the report groups of the selected reports to whitelist entries? Inline code, eval and unsafe sources are refused.","Convert the report groups of the selected reports to whitelist entries? Inline code, eval and unsafe sources are refused."
"ID","ID"
"Source File","Source File"
"Line Number","Line Number"
"Created","Created"
"Modified","Modified"
"Are you sure you want to delete the selected report groups and their reports?","Are you sure you want to delete the selected report groups and their reports?"
"Convert the selected report groups to whitelist entries? Inline code, eval and unsafe sources are refused.","Convert the selected report groups to whitelist entries? Inline code, eval and unsafe sources are refused."
"Change Status to Deny","Change Status to Deny"
"Change Status to Skip","Change Status to Skip"
"Group Id","Group Id"
"Policy","Policy"
"Value","Value"
"Store View","Store View"
"Area","Area"
"Last Reported","Last Reported"
"Status","Status"
"Save","Save"
"Save and Continue Edit","Save and Continue Edit"
"Reset","Reset"
"Identifier","Identifier"
"Value type","Value type"
"Value Algorithm","Value Algorithm"
"Where the entry is added to the policy: the storefront, the admin, or both.","Where the entry is added to the policy: the storefront, the admin, or both."
"Script Content","Script Content"
"Add","Add"
"Are you sure you want to delete the selected entries?","Are you sure you want to delete the selected entries?"
"Edit","Edit"
"Value Type","Value Type"
"Hash Valid","Hash Valid"
"Redundancy","Redundancy"
"Choose a report group and a valid status.","Choose a report group and a valid status."
"The report group status has been updated.","The report group status has been updated."
"Choose a report group to convert.","Choose a report group to convert."
"Choose a report group to delete.","Choose a report group to delete."
"The report group has been deleted.","The report group has been deleted."
"Content Security Policy - Violation Reports","Content Security Policy - Violation Reports"
"Choose a valid status.","Choose a valid status."
"A total of %1 record(s) have been updated.","A total of %1 record(s) have been updated."
"A total of %1 record(s) have been deleted.","A total of %1 record(s) have been deleted."
"Choose a report to convert.","Choose a report to convert."
"Choose a report to delete.","Choose a report to delete."
"The report has been deleted.","The report has been deleted."
"The report does not exist.","The report does not exist."
"Choose a whitelist entry to delete.","Choose a whitelist entry to delete."
"The whitelist entry has been deleted.","The whitelist entry has been deleted."
"Whitelist entry %1 does not exist.","Whitelist entry %1 does not exist."
"%1 whitelist entry(ies) created, %2 updated.","%1 whitelist entry(ies) created, %2 updated."
"%1 more row(s) could not be imported.","%1 more row(s) could not be imported."
"Choose a file to import.","Choose a file to import."
"The file is larger than %1 MB.","The file is larger than %1 MB."
"Whitelist Rules","Whitelist Rules"
"Content Security Policy - Whitelist Rules","Content Security Policy - Whitelist Rules"
"Please correct the data sent.","Please correct the data sent."
"The whitelist entry has been saved.","The whitelist entry has been saved."
"%1","%1"
"Record %1 does not exist.","Record %1 does not exist."
"Entry %1 already allows %2 for %3 in this area.","Entry %1 already allows %2 for %3 in this area."
"The whitelist entry could not be saved: %1","The whitelist entry could not be saved: %1"
"The whitelist entry could not be deleted: %1","The whitelist entry could not be deleted: %1"
"Import a CSV or XML file.","Import a CSV or XML file."
"The file cannot be imported: %1","The file cannot be imported: %1"
"Row %1: %2","Row %1: %2"
"The status must be 1 (enabled) or 0 (disabled).","The status must be 1 (enabled) or 0 (disabled)."
"List the store ids separated by commas, 0 for every store.","List the store ids separated by commas, 0 for every store."
"Content Security Policy violations wait for review. <a href=""%1"">Review the violation reports</a> and allow or deny what the pages load.","Content Security Policy violations wait for review. <a href=""%1"">Review the violation reports</a> and allow or deny what the pages load."
"The %1 header (%2 bytes) exceeded the %3 byte limit and could not be split without changing the policy. Proxies may reject such responses. Remove unused whitelist entries or raise the limit after checking your proxy.","The %1 header (%2 bytes) exceeded the %3 byte limit and could not be split without changing the policy. Proxies may reject such responses. Remove unused whitelist entries or raise the limit after checking your proxy."
"View","View"
"Convert to Whitelist","Convert to Whitelist"
"Delete report %1?","Delete report %1?"
"Are you sure you want to delete report %1?","Are you sure you want to delete report %1?"
"View reports","View reports"
"Skip","Skip"
"Deny","Deny"
"Delete this report group?","Delete this report group?"
"Are you sure you want to delete this report group and all its reports?","Are you sure you want to delete this report group and all its reports?"
"Delete ""%1""","Delete ""%1"""
"Are you sure you want to delete the ""%1"" entry?","Are you sure you want to delete the ""%1"" entry?"
"These are not domain names of at least two labels: %1.","These are not domain names of at least two labels: %1."
"Please select","Please select"
"Storefront and Admin","Storefront and Admin"
"Storefront","Storefront"
"Admin","Admin"
"By Date","By Date"
"By Record Count","By Record Count"
"Valid","Valid"
"Invalid","Invalid"
"Not Verified","Not Verified"
"N/A","N/A"
"Unique","Unique"
"Duplicate","Duplicate"
"Redundant","Redundant"
"Pending","Pending"
"Denied","Denied"
"Skipped","Skipped"
"All Store Views","All Store Views"
"Enter a name of at most %1 characters.","Enter a name of at most %1 characters."
"""%1"" cannot be whitelisted. Choose one of: %2.","""%1"" cannot be whitelisted. Choose one of: %2."
"Choose the area the entry applies to.","Choose the area the entry applies to."
"The status must be enabled or disabled.","The status must be enabled or disabled."
"These stores do not exist: %1.","These stores do not exist: %1."
"The value may be at most %1 characters long.","The value may be at most %1 characters long."
"Choose host or hash as the value type.","Choose host or hash as the value type."
"Enter a host or scheme source.","Enter a host or scheme source."
"A source may not contain spaces, quotes, commas, semicolons or control characters.","A source may not contain spaces, quotes, commas, semicolons or control characters."
"""%1"" contains characters a header cannot carry. Enter the host in its punycode form.","""%1"" contains characters a header cannot carry. Enter the host in its punycode form."
"Keywords, nonces and hashes cannot be whitelisted as a host.","Keywords, nonces and hashes cannot be whitelisted as a host."
"""%1"" is not a valid host source.","""%1"" is not a valid host source."
"""%1"" allows every host. Whitelist the hosts you need instead.","""%1"" allows every host. Whitelist the hosts you need instead."
"""%1"" allows a whole top-level domain. Use a wildcard under a domain you trust.","""%1"" allows a whole top-level domain. Use a wildcard under a domain you trust."
"Choose sha256, sha384 or sha512 as the hash algorithm.","Choose sha256, sha384 or sha512 as the hash algorithm."
"""%1"" is not a base64-encoded %2 digest.","""%1"" is not a base64-encoded %2 digest."
"%1 whitelist entry(ies) created.","%1 whitelist entry(ies) created."
"%1 existing whitelist entry(ies) now also apply to the reported store.","%1 existing whitelist entry(ies) now also apply to the reported store."
"%1 report group(s) were already allowed by an enabled entry and have been removed.","%1 report group(s) were already allowed by an enabled entry and have been removed."
"%1 report group(s) match a disabled whitelist entry. Enable the entry to allow them.","%1 report group(s) match a disabled whitelist entry. Enable the entry to allow them."
"""%1"" is not a directive Magento renders, so it cannot be whitelisted.","""%1"" is not a directive Magento renders, so it cannot be whitelisted."
"""%1"" in %2 is inline code or eval. Allow the script by its hash or move it to a file instead.","""%1"" in %2 is inline code or eval. Allow the script by its hash or move it to a file instead."
"""%1"" would allow every host for %2.","""%1"" would allow every host for %2."
"""%1"" would let %2 run content of any origin.","""%1"" would let %2 run content of any origin."
"""%1"" is not a host or scheme source.","""%1"" is not a host or scheme source."
